GROUP,PACKAGE,CLASS,INSTRUCTION_MISSED,INSTRUCTION_COVERED,BRANCH_MISSED,BRANCH_COVERED,LINE_MISSED,LINE_COVERED,COMPLEXITY_MISSED,COMPLEXITY_COVERED,METHOD_MISSED,METHOD_COVERED
centroplus-connect,proyecto.intermodular.app.repository,IncidenciaRepository,432,0,20,0,108,0,19,0,9,0
centroplus-connect,proyecto.intermodular.app.repository,UsuarioRepository,319,0,16,0,79,0,15,0,7,0
centroplus-connect,proyecto.intermodular.app.repository,ActividadRepository,536,0,28,0,127,0,25,0,11,0
centroplus-connect,proyecto.intermodular.app.repository,ReservaRepository,414,0,20,0,99,0,19,0,9,0
centroplus-connect,proyecto.intermodular.app.controllers,ReservaController,3,0,0,0,1,0,1,0,1,0
centroplus-connect,proyecto.intermodular.app.controllers,LoginController,3,0,0,0,1,0,1,0,1,0
centroplus-connect,proyecto.intermodular.app.controllers,MainController,3,0,0,0,1,0,1,0,1,0
centroplus-connect,proyecto.intermodular.app.controllers,UsuarioController,3,0,0,0,1,0,1,0,1,0
centroplus-connect,proyecto.intermodular.app.controllers,DashboardController,3,0,0,0,1,0,1,0,1,0
centroplus-connect,proyecto.intermodular.app.controllers,ActividadController,3,0,0,0,1,0,1,0,1,0
centroplus-connect,proyecto.intermodular.app.controllers,IncidenciaController,3,0,0,0,1,0,1,0,1,0
centroplus-connect,proyecto.intermodular.database.sqlite,SQLiteConnectionManager,36,0,2,0,15,0,6,0,5,0
centroplus-connect,proyecto.intermodular.validations,Validations,255,0,84,0,75,0,60,0,18,0
centroplus-connect,proyecto.intermodular.app.service,IncidenciaService,74,0,12,0,22,0,14,0,8,0
centroplus-connect,proyecto.intermodular.app.service,UsuarioService,44,0,4,0,10,0,8,0,6,0
centroplus-connect,proyecto.intermodular.app.service,ActividadService,76,0,10,0,22,0,15,0,10,0
centroplus-connect,proyecto.intermodular.app.service,ReservaService,67,0,10,0,20,0,13,0,8,0
centroplus-connect,proyecto.intermodular.app.model,Actividad,2,168,2,8,1,55,2,25,0,22
centroplus-connect,proyecto.intermodular.app.model,Usuario,11,138,1,7,2,51,2,21,1,18
centroplus-connect,proyecto.intermodular.app.model,Reserva,106,0,8,0,35,0,19,0,15,0
centroplus-connect,proyecto.intermodular.app.model,Incidencia,85,29,8,0,30,10,18,3,14,3
centroplus-connect,proyecto.intermodular.app,Main,335,0,22,0,65,0,13,0,2,0
centroplus-connect,proyecto.intermodular.app,PrincipalApplication,40,0,0,0,12,0,3,0,3,0
